<?xml version="1.0"?>
<?mso-application progid="Excel.Sheet"?>
<Workbook xmlns="urn:schemas-microsoft-com:office:spreadsheet"
 xmlns:o="urn:schemas-microsoft-com:office:office"
 xmlns:x="urn:schemas-microsoft-com:office:excel"
 xmlns:ss="urn:schemas-microsoft-com:office:spreadsheet"
 xmlns:html="http://www.w3.org/TR/REC-html40">
 <DocumentProperties xmlns="urn:schemas-microsoft-com:office:office">
  <Created>2006-09-16T00:00:00Z</Created>
  <LastSaved>2018-03-02T06:04:31Z</LastSaved>
  <Version>14.00</Version>
 </DocumentProperties>
 <OfficeDocumentSettings xmlns="urn:schemas-microsoft-com:office:office">
  <AllowPNG/>
  <RemovePersonalInformation/>
 </OfficeDocumentSettings>
 <ExcelWorkbook xmlns="urn:schemas-microsoft-com:office:excel">
  <WindowHeight>8010</WindowHeight>
  <WindowWidth>14805</WindowWidth>
  <WindowTopX>240</WindowTopX>
  <WindowTopY>105</WindowTopY>
  <ProtectStructure>False</ProtectStructure>
  <ProtectWindows>False</ProtectWindows>
 </ExcelWorkbook>
 <Styles>
  <Style ss:ID="Default" ss:Name="Normal">
   <Alignment ss:Vertical="Bottom"/>
   <Borders/>
   <Font ss:FontName="ＭＳ Ｐゴシック" x:CharSet="128" x:Family="Modern" ss:Size="11"
    ss:Color="#000000"/>
   <Interior/>
   <NumberFormat/>
   <Protection/>
  </Style>
  <Style ss:ID="s62">
   <Alignment ss:Horizontal="Center" ss:Vertical="Bottom"/>
  </Style>
  <Style ss:ID="s63">
   <Alignment ss:Vertical="Top"/>
   <Borders>
    <Border ss:Position="Bottom" ss:LineStyle="Continuous" ss:Weight="1"/>
    <Border ss:Position="Left" ss:LineStyle="Continuous" ss:Weight="1"/>
    <Border ss:Position="Right" ss:LineStyle="Continuous" ss:Weight="1"/>
    <Border ss:Position="Top" ss:LineStyle="Continuous" ss:Weight="1"/>
   </Borders>
  </Style>
  <Style ss:ID="s64">
   <Alignment ss:Horizontal="Center" ss:Vertical="Top"/>
   <Borders>
    <Border ss:Position="Bottom" ss:LineStyle="Continuous" ss:Weight="1"/>
    <Border ss:Position="Left" ss:LineStyle="Continuous" ss:Weight="1"/>
    <Border ss:Position="Right" ss:LineStyle="Continuous" ss:Weight="1"/>
    <Border ss:Position="Top" ss:LineStyle="Continuous" ss:Weight="1"/>
   </Borders>
  </Style>
  <Style ss:ID="s65">
   <Alignment ss:Horizontal="Center" ss:Vertical="Top"/>
   <Borders>
    <Border ss:Position="Bottom" ss:LineStyle="Continuous" ss:Weight="1"/>
    <Border ss:Position="Left" ss:LineStyle="Continuous" ss:Weight="1"/>
    <Border ss:Position="Right" ss:LineStyle="Continuous" ss:Weight="1"/>
    <Border ss:Position="Top" ss:LineStyle="Continuous" ss:Weight="1"/>
   </Borders>
   <NumberFormat ss:Format="Short Date"/>
  </Style>
 </Styles>
 <Worksheet ss:Name="名簿">
  <Table ss:ExpandedColumnCount="4" ss:ExpandedRowCount="10" x:FullColumns="1"
   x:FullRows="1" ss:DefaultColumnWidth="54" ss:DefaultRowHeight="13.5">
   <Column ss:Index="2" ss:Width="81"/>
   <Column ss:StyleID="s62" ss:AutoFitWidth="0" ss:Width="87"/>
   <Column ss:StyleID="s62" ss:Width="58.5"/>
   <Row>
    <Cell ss:StyleID="s63"><Data ss:Type="String">C0001</Data></Cell>
    <Cell ss:StyleID="s63"><PhoneticText
      xmlns="urn:schemas-microsoft-com:office:excel">タロウ</PhoneticText><Data
      ss:Type="String">アイネス　太郎</Data></Cell>
    <Cell ss:StyleID="s65"><Data ss:Type="DateTime">2017-12-01T00:00:00.000</Data></Cell>
    <Cell ss:StyleID="s64"><PhoneticText
      xmlns="urn:schemas-microsoft-com:office:excel">ス</PhoneticText><Data
      ss:Type="String">済</Data></Cell>
   </Row>
   <Row>
    <Cell ss:StyleID="s63"><Data ss:Type="String">C0002</Data></Cell>
    <Cell ss:StyleID="s63"><PhoneticText
      xmlns="urn:schemas-microsoft-com:office:excel">ジロウ</PhoneticText><Data
      ss:Type="String">アイネス　次郎</Data></Cell>
    <Cell ss:StyleID="s65"><Data ss:Type="DateTime">2017-12-01T00:00:00.000</Data></Cell>
    <Cell ss:StyleID="s64"><PhoneticText
      xmlns="urn:schemas-microsoft-com:office:excel">ス</PhoneticText><Data
      ss:Type="String">済</Data></Cell>
   </Row>
   <Row>
    <Cell ss:StyleID="s63"><Data ss:Type="String">C0003</Data></Cell>
    <Cell ss:StyleID="s63"><PhoneticText
      xmlns="urn:schemas-microsoft-com:office:excel">サブロウ</PhoneticText><Data
      ss:Type="String">アイネス　三郎</Data></Cell>
    <Cell ss:StyleID="s65"><Data ss:Type="DateTime">2017-12-01T00:00:00.000</Data></Cell>
    <Cell ss:StyleID="s64"><PhoneticText
      xmlns="urn:schemas-microsoft-com:office:excel">ス</PhoneticText><Data
      ss:Type="String">済</Data></Cell>
   </Row>
   <Row>
    <Cell ss:StyleID="s63"><Data ss:Type="String">C0004</Data></Cell>
    <Cell ss:StyleID="s63"><PhoneticText
      xmlns="urn:schemas-microsoft-com:office:excel">シロウ</PhoneticText><Data
      ss:Type="String">アイネス　四郎</Data></Cell>
    <Cell ss:StyleID="s65"><Data ss:Type="DateTime">2017-12-01T00:00:00.000</Data></Cell>
    <Cell ss:StyleID="s64"><PhoneticText
      xmlns="urn:schemas-microsoft-com:office:excel">ス</PhoneticText><Data
      ss:Type="String">済</Data></Cell>
   </Row>
   <Row>
    <Cell ss:StyleID="s63"><Data ss:Type="String">C0005</Data></Cell>
    <Cell ss:StyleID="s63"><PhoneticText
      xmlns="urn:schemas-microsoft-com:office:excel">ゴロウ</PhoneticText><Data
      ss:Type="String">アイネス　五郎</Data></Cell>
    <Cell ss:StyleID="s65"><Data ss:Type="DateTime">2017-12-01T00:00:00.000</Data></Cell>
    <Cell ss:StyleID="s64"><PhoneticText
      xmlns="urn:schemas-microsoft-com:office:excel">ス</PhoneticText><Data
      ss:Type="String">済</Data></Cell>
   </Row>
   <Row>
    <Cell ss:StyleID="s63"><Data ss:Type="String">C0006</Data></Cell>
    <Cell ss:StyleID="s63"><PhoneticText
      xmlns="urn:schemas-microsoft-com:office:excel">ロクロウ</PhoneticText><Data
      ss:Type="String">アイネス　六郎</Data></Cell>
    <Cell ss:StyleID="s65"><Data ss:Type="DateTime">2018-12-01T00:00:00.000</Data></Cell>
    <Cell ss:StyleID="s64"><PhoneticText
      xmlns="urn:schemas-microsoft-com:office:excel">ス</PhoneticText><Data
      ss:Type="String">済</Data></Cell>
   </Row>
   <Row>
    <Cell ss:StyleID="s63"><Data ss:Type="String">C0007</Data></Cell>
    <Cell ss:StyleID="s63"><PhoneticText
      xmlns="urn:schemas-microsoft-com:office:excel">シチロウ</PhoneticText><Data
      ss:Type="String">アイネス　七郎</Data></Cell>
    <Cell ss:StyleID="s65"><Data ss:Type="DateTime">2018-01-01T00:00:00.000</Data></Cell>
    <Cell ss:StyleID="s64"><PhoneticText
      xmlns="urn:schemas-microsoft-com:office:excel">ス</PhoneticText><Data
      ss:Type="String">済</Data></Cell>
   </Row>
   <Row>
    <Cell ss:StyleID="s63"><Data ss:Type="String">C0008</Data></Cell>
    <Cell ss:StyleID="s63"><PhoneticText
      xmlns="urn:schemas-microsoft-com:office:excel">ハチロウ</PhoneticText><Data
      ss:Type="String">アイネス　八郎</Data></Cell>
    <Cell ss:StyleID="s65"><Data ss:Type="DateTime">2018-01-01T00:00:00.000</Data></Cell>
    <Cell ss:StyleID="s64"><PhoneticText
      xmlns="urn:schemas-microsoft-com:office:excel">ス</PhoneticText><Data
      ss:Type="String">済</Data></Cell>
   </Row>
   <Row>
    <Cell ss:StyleID="s63"><Data ss:Type="String">C0009</Data></Cell>
    <Cell ss:StyleID="s63"><PhoneticText
      xmlns="urn:schemas-microsoft-com:office:excel">クロウ</PhoneticText><Data
      ss:Type="String">アイネス　九郎</Data></Cell>
    <Cell ss:StyleID="s64"/>
    <Cell ss:StyleID="s64"/>
   </Row>
   <Row>
    <Cell ss:StyleID="s63"><Data ss:Type="String">C0010</Data></Cell>
    <Cell ss:StyleID="s63"><PhoneticText
      xmlns="urn:schemas-microsoft-com:office:excel">ハナコ</PhoneticText><Data
      ss:Type="String">アイネス　花子</Data></Cell>
    <Cell ss:StyleID="s64"/>
    <Cell ss:StyleID="s64"/>
   </Row>
  </Table>
  <WorksheetOptions xmlns="urn:schemas-microsoft-com:office:excel">
   <PageSetup>
    <Header x:Margin="0.3"/>
    <Footer x:Margin="0.3"/>
    <PageMargins x:Bottom="0.75" x:Left="0.7" x:Right="0.7" x:Top="0.75"/>
   </PageSetup>
   <Print>
    <ValidPrinterInfo/>
    <PaperSizeIndex>9</PaperSizeIndex>
    <HorizontalResolution>600</HorizontalResolution>
    <VerticalResolution>600</VerticalResolution>
   </Print>
   <Selected/>
   <Panes>
    <Pane>
     <Number>3</Number>
     <ActiveRow>16</ActiveRow>
     <ActiveCol>2</ActiveCol>
    </Pane>
   </Panes>
   <ProtectObjects>False</ProtectObjects>
   <ProtectScenarios>False</ProtectScenarios>
  </WorksheetOptions>
 </Worksheet>
</Workbook>
